epoch,train_loss,train_p_loss,train_q_loss,test_loss,p_beta_0,p_beta_1,p_beta_2,p_beta_3,p_beta_4,q_beta_0,q_beta_1,q_beta_2,q_beta_3,q_beta_4,combined_beta_0,combined_beta_1,combined_beta_2,combined_beta_3,combined_beta_4
20,1.861083246767521,14.39343735575676,19.106061160564423,1.9674111207326253,0.1041666641831398,0.2083333283662796,0.5833333134651184,0.7916666865348816,0.9791666865348816,0.02083333395421505,0.1875,0.2916666567325592,0.625,0.75,0.0,0.0416666679084301,0.1458333283662796,0.5208333134651184,0.7291666865348816
30,1.870873670404156,14.494690279165903,19.18103550871213,1.9473621646563213,0.0,0.3958333432674408,0.6458333134651184,0.7916666865348816,0.8541666865348816,0.0625,0.1041666641831398,0.4583333432674408,0.5625,0.7916666865348816,0.0,0.02083333395421505,0.2916666567325592,0.4166666567325592,0.6875
