{
  "p_beta_0": 0.0,
  "p_beta_1": 0.3958333432674408,
  "p_beta_2": 0.6458333134651184,
  "p_beta_3": 0.7916666865348816,
  "p_beta_4": 0.8541666865348816,
  "q_beta_0": 0.0625,
  "q_beta_1": 0.1041666641831398,
  "q_beta_2": 0.4583333432674408,
  "q_beta_3": 0.5625,
  "q_beta_4": 0.7916666865348816,
  "combined_beta_0": 0.0,
  "combined_beta_1": 0.02083333395421505,
  "combined_beta_2": 0.2916666567325592,
  "combined_beta_3": 0.4166666567325592,
  "combined_beta_4": 0.6875
}