epoch,train_loss,test_loss,learning_rate,beta_0,beta_1,beta_2,beta_3,beta_4
20,0.522053757061561,0.5716817652185758,0.001,0.1041666641831398,0.2083333283662796,0.6041666865348816,0.75,0.9166666865348816
30,0.5211582115540901,0.5676722278197607,0.0005,0.1041666641831398,0.2083333283662796,0.5833333134651184,0.7916666865348816,0.9791666865348816
