epoch,train_loss,test_loss,beta_0,beta_1,beta_2,beta_3,beta_4
20,0.5274881962686777,0.5605248014132181,0.1041666641831398,0.2083333283662796,0.5833333134651184,0.7916666865348816,0.9791666865348816
30,0.5258238998552164,0.5678076272209486,0.0,0.3958333432674408,0.6458333134651184,0.7916666865348816,0.8541666865348816
