{
  "factorization_accuracy": 0.0625,
  "beta_0": 0.0625,
  "beta_1": 0.2916666567325592,
  "beta_2": 0.6666666865348816,
  "beta_3": 0.7916666865348816,
  "beta_4": 0.9583333134651184,
  "dataset": "small",
  "epochs": 30,
  "batch_size": 4,
  "feature_size": 125,
  "factor_size": 7
}