epoch,g_loss,d_loss,factorization_accuracy
20,2.208324501911799,2.081824518740177,0.10416666666666667
30,2.223462442557017,2.0804263899723687,0.10416666666666667
