epoch,g_loss,d_loss,factorization_accuracy,beta_0,beta_1,beta_2,beta_3,beta_4
20,2.238708178202311,2.0860016718506813,0.0,0.0,0.3958333432674408,0.6458333134651184,0.7916666865348816,0.8541666865348816
30,2.3158752620220184,2.0854709769288697,0.0625,0.0625,0.2916666567325592,0.6666666865348816,0.7916666865348816,0.9583333134651184
