epoch,train_loss,test_loss,learning_rate,beta_0,beta_1,beta_2,beta_3,beta_4
10,0.5344710896412531,0.5645779594779015,0.001,0.1041666641831398,0.3541666567325592,0.3541666567325592,0.7708333134651184,1.0
20,0.5291497769455115,0.5595836093028387,0.001,0.1041666641831398,0.2083333283662796,0.5833333134651184,0.7916666865348816,0.9791666865348816
30,0.5249627381563187,0.5804102743665377,0.001,0.0,0.3958333432674408,0.6458333134651184,0.7916666865348816,0.8541666865348816
