{
  "beta_0": 0.0,
  "beta_1": 0.3958333432674408,
  "beta_2": 0.6458333134651184,
  "beta_3": 0.7916666865348816,
  "beta_4": 0.8541666865348816,
  "model_type": "transformer",
  "dataset": "small",
  "epochs": 30,
  "batch_size": 4,
  "feature_size": 125,
  "factor_size": 7
}